file,as-set,aut-num,inet6num,inetnum,mntner,route6,route,route-set
afrinic.db,0.57,0.00,0.00,0.00,0.76,0.00,0.00,1.02
apnic.db,0.35,0.00,0.00,0.03,0.06,0.00,0.00,1.07
arin.db,0.65,0.00,0.00,0.00,0.00,0.00,0.00,1.29
jpirr.db,0.03,0.00,0.00,0.00,0.00,0.03,0.00,0.00
jpnic.db,0.00,0.00,0.00,0.00,0.00,0.00,0.00,0.00
krnic.db,0.00,0.00,0.00,0.00,0.00,0.00,0.00,0.00
lacnic.db,0.00,0.00,0.00,0.00,0.00,0.00,0.00,0.00
nicbr-asn-blk-latest.txt,0.00,0.00,0.00,0.00,0.00,0.00,0.00,0.00
radb.db,1.01,0.69,0.00,0.00,0.02,4.51,8.83,1.02
ripe.db,,,,,,,,
tc.db,0.03,0.00,0.00,0.00,0.01,0.00,0.00,0.00
twnic.db,0.00,0.00,0.00,0.00,0.00,0.00,0.00,0.00