file,as-set,aut-num,inet6num,inetnum,mntner,route,route6,route-set,total
afrinic.db,1567,2801,32805,178815,28387,118459,5132,119,368085
apnic.db,5554,26144,152325,1254640,42353,668403,1035360,335,3185114
arin.db,6484,4348,0,0,0,131102,35034,2722,179690
jpirr.db,356,486,0,0,447,13999,1366,1,16655
jpnic.db,0,828,6790,528769,0,0,0,0,536387
krnic.db,0,988,110,4783,0,0,0,0,5881
lacnic.db,2429,3013,0,0,3009,13670,4982,0,27103
nicbr-asn-blk-latest.txt,0,0,0,0,0,13042,8957,0,21999
nttcom.db,632,575,0,0,676,251427,6034,275,259619
radb.db,11848,10122,89,401,3205,1001072,198756,7016,1232509
ripe.db,29078,39968,977084,4146550,64485,428720,105101,2249,5793235
tc.db,15453,5327,6,4,5848,33167,16502,1181,77488
twnic.db,0,0,1736,103610,0,0,0,0,105346