file,afrinic.db,apnic.db,arin.db,jpirr.db,jpnic.db,krnic.db,lacnic.db,nicbr-asn-blk-latest.txt,radb.db,ripe.db,tc.db,twnic.db
afrinic.db,,0.00,0.00,0.00,0.00,0.00,0.00,0.00,0.00,1.73,0.00,0.00
apnic.db,0.00,,0.00,0.00,0.00,0.00,0.00,0.00,0.08,0.09,0.00,0.00
arin.db,,,,,,,,,,,,
jpirr.db,0.00,0.22,0.00,,0.00,0.00,0.00,0.00,17.90,0.22,0.00,0.00
jpnic.db,,,,,,,,,,,,
krnic.db,,,,,,,,,,,,
lacnic.db,0.00,0.00,0.00,0.00,0.00,0.00,,0.00,0.00,0.00,0.00,0.00
nicbr-asn-blk-latest.txt,,,,,,,,,,,,
radb.db,0.03,1.12,0.00,2.50,0.00,0.00,0.00,0.00,,0.50,3.99,0.00
ripe.db,0.76,0.06,0.00,0.00,0.00,0.00,0.00,0.00,0.02,,0.01,0.00
tc.db,0.00,0.00,0.00,0.00,0.00,0.00,0.00,0.00,2.19,0.14,,0.00
twnic.db,,,,,,,,,,,,