file,afrinic.db,apnic.db,arin.db,jpirr.db,jpnic.db,krnic.db,lacnic.db,nicbr-asn-blk-latest.txt,nttcom.db,radb.db,ripe.db,tc.db,twnic.db
afrinic.db,,2,6,0,0,0,0,0,0,1,23,0,0
apnic.db,2,,13,0,0,0,0,0,0,14,24,0,0
arin.db,6,13,,0,0,0,0,0,2,104,29,0,0
jpirr.db,0,0,0,,0,0,0,0,0,0,0,0,0
jpnic.db,0,0,0,0,,0,0,0,0,0,0,0,0
krnic.db,0,0,0,0,0,,0,0,0,0,0,0,0
lacnic.db,0,0,0,0,0,0,,0,0,0,0,0,0
nicbr-asn-blk-latest.txt,0,0,0,0,0,0,0,,0,0,0,0,0
nttcom.db,0,0,2,0,0,0,0,0,,3,1,0,0
radb.db,1,14,104,0,0,0,0,0,3,,23,4,0
ripe.db,23,24,29,0,0,0,0,0,1,23,,0,0
tc.db,0,0,0,0,0,0,0,0,0,4,0,,0
twnic.db,0,0,0,0,0,0,0,0,0,0,0,0,